{
    "init_method": "orthogonal", 
    "train_losses": [0.477918309141705, 0.36313401617761104, 0.3264240941036739, 
    0.30429275883540413, 0.2810349834403758, 0.2693687718687281, 0.2544243242313613, 
    0.2413467391491381, 0.2319565630083018, 0.22026454702988743, 0.20890241877626636, 
    0.20147184504549515, 0.19198731413639303, 0.18277903799928708, 0.17461208777545867, 
    0.1706478734578151, 0.16316310437455742, 0.15653807718926338, 0.1488717390990842, 0.14556298975044413], 
    "test_accuracies": [84.46, 86.07, 86.88, 86.83, 87.87, 87.96, 87.93, 87.65, 88.23, 88.56, 87.67, 87.68, 
    88.86, 88.6, 88.3, 88.94, 88.56, 88.13, 88.7, 87.97]
}