{"init_method": "he", 
"train_losses": [0.48027988548662615, 0.36473105136932593, 0.3308426360093327, 
0.30767090091191884, 0.2850720025360711, 0.27373658236600695, 0.25753458023770276,
 0.2469847371885136, 0.23183396491986602, 0.22553393583911568, 0.21759038790663296, 
 0.20708497098958822, 0.19801399352024995, 0.1917768117131741, 0.18174978552548998, 
 0.17522790093920124, 0.17037405367138417, 0.16120877733497796, 0.15609472286281809, 0.14965227695861097], 
 "test_accuracies": [84.97, 86.2, 86.02, 87.35, 87.84, 87.92, 87.37, 88.17, 87.92, 88.41, 88.52, 88.0, 
 88.48, 87.86, 88.74, 88.58, 88.4, 88.17, 89.17, 88.55]
}